Mean (MHz/us),Variance (MHz/us)^2,MSE (MHz/us)^2,95th Percentile (MHz/us),Percent Failed Trials
0.0246812926227766,0.00247509083589204,0.000253000736319165,0.0688240601234121,0
