Mean (MHz/us),Variance (MHz/us)^2,MSE (MHz/us)^2,95th Percentile (MHz/us),Percent Failed Trials
0.0101897674342749,0.000149918970808588,0.000253000736319165,0.035453201902925,0
