Mean (m),Variance (m)^2,MSE (m)^2,95th Percentile (m),Percent Failed Trials
2.50363023030935,92.656273218514,98.7345681363,2.0826574348335,0.024
