Mean (m),Variance (m)^2,MSE (m)^2,95th Percentile (m),Percent Failed Trials
2.02783099230681,62.1823347431099,66.14495651026,2.03479269887942,0.168
