Mean (m),Variance (m)^2,MSE (m)^2,95th Percentile (m),Percent Failed Trials
2.82349221496919,175.357206517625,182.974340703354,2.44289037733652,0.012
