testing_data_frame_start_prediction_errors1,testing_data_frame_start_prediction_errors2,testing_data_frame_start_prediction_errors3,testing_data_frame_start_prediction_errors4,testing_data_frame_start_prediction_errors5
-0.000983793215709738,0.00245670994627289,0.00184435312985443,-0.00204105672310106,-0.00143801711965352
-0.0038487574638566,-0.00275205954676494,-0.00497950820135884,-0.000154409266542643,0.000106346473330632
