Actual Chirp Slope (Mhz/us),Actual Chirp Cycle Period (us),Actual Frame Duration (ms),ADC Sample Rate (MSPS),Estimated Chirp Slope (Mhz/us),Estimated Chirp Cycle Period (us),Estimated Frame Duration (ms),Absolute Slope Error (MHz/us),Absolute Chirp Cycle Period Error (us),Absolute Frame Duration Error (ms)
4.453609593699,24.2959382335646,33.3583231946842,7.53212319856771,4.44684167612879,24.2956306611069,33.358321076977,0.006767917570218,0.000307572457650451,2.11770714741988e-06
54.7529197786372,46.4307544592817,33.3372817017642,3.29522967657517,54.7341062478031,46.4302658953464,33.3372813461517,0.0188135308341515,0.000488563935306274,3.55612534974625e-07
