Actual Chirp Slope (Mhz/us),Actual Chirp Cycle Period (us),Actual Frame Duration (ms),ADC Sample Rate (MSPS),Estimated Chirp Slope (Mhz/us),Estimated Chirp Cycle Period (us),Estimated Frame Duration (ms),Absolute Slope Error (MHz/us),Absolute Chirp Cycle Period Error (us),Absolute Frame Duration Error (ms)
40.1754979879536,20.6421550335975,33.33708037926,9.64046630190036,40.1624859235411,20.6421373493509,33.3370790791071,0.0130120644125,1.76842465897664e-05,1.30015289556695e-06
50.6709118366445,46.3091789460884,33.3426088411837,3.30388064487426,50.6660829456354,46.3091310817093,33.3426089103503,0.00482889100906192,4.78643791552713e-05,6.91666244279077e-08
