Mean (m/s),Variance (m/s)^2,MSE (m/s)^2,95th Percentile (m/s),Percent Failed Trials
0.494590952319971,14.7148282287711,14.9292951023535,0.0398231947488741,0.024
