Mean (m/s),Variance (m/s)^2,MSE (m/s)^2,95th Percentile (m/s),Percent Failed Trials
0.358979194847945,10.1739112999387,10.2821824001268,0.125670989234234,0.012
