Mean (m/s),Variance (m/s)^2,MSE (m/s)^2,95th Percentile (m/s),Percent Failed Trials
0.292306891144925,7.76184467082727,7.82862970897936,0.110441740371426,0.168
